chr,start,end,qry,strand,ED,MM,INS,DEL,B2B,EDGE,Wobble,exon_chr,exon_start,exon_end,exon_id,gene,exon_strand,overlap_bases,,,,,,,,,,,,,,
chr1,38450409,38450428,CGGCGGAGTTCCTCAAAT,Fwd,3,2,0,1,0,0,.,chr1,38450378,38450451,ENST00000373019_exon_12_0_chr1_38450379_r,SF3A3,-,19,chr1:38450409-38450428,chr1:38450409-38450428,,,,,,,,,,,,
chr1,38450409,38450428,CGGCGGAGTTCCTCAAAT,Fwd,3,2,0,1,0,0,.,chr1,38450378,38450451,ENST00000448721_exon_12_0_chr1_38450379_r,SF3A3,-,19,,,,,,,,,,,,,,
chr1,38450409,38450428,CGGCGGAGTTCCTCAAAT,Fwd,3,2,0,1,0,0,.,chr1,38450378,38450451,ENST00000489537_exon_6_0_chr1_38450379_r,SF3A3,-,19,,,,,,,,,,,,,,
chr1,38450409,38450428,CGGCGGAGTTCCTCAAAT,Fwd,3,2,0,1,0,0,.,chr1,38450378,38450451,ENST00000461869_exon_5_0_chr1_38450379_r,SF3A3,-,19,,,,,,,,,,,,,,
chr1,38450409,38450428,CGGCGGAGTTCCTCAAAT,Fwd,3,2,0,1,0,0,.,chr1,38450378,38450451,ENST00000470585_exon_4_0_chr1_38450379_r,SF3A3,-,19,,,,,,,,,,,,,,
chr1,38450409,38450428,CGGCGGAGTTCCTCAAAT,Fwd,3,2,0,1,0,0,.,chr1,38450378,38450451,ENST00000462258_exon_1_0_chr1_38450379_r,SF3A3,-,19,,,,,,,,,,,,,,
chr1,246729257,246729275,CGGCGGAGTTCCTCAAAT,Fwd,3,2,1,0,0,0,.,chr1,246729127,246729626,ENST00000366514_exon_7_0_chr1_246729128_r,TFB2M,-,18,chr1:246729257-246729275,chr1:246729257-246729275,,,,,,,,,,,,
chr1,246729257,246729275,CGGCGGAGTTCCTCAAAT,Fwd,3,2,1,0,0,0,.,chr1,246729127,246729563,ENST00000544618_exon_4_0_chr1_246729128_r,TFB2M,-,18,,,,,,,,,,,,,,
chr10,79605022,79605040,CGGCGGAGTTCCTCAAAT,Fwd,3,0,3,0,0,0,.,chr10,79604968,79605195,ENST00000468332_exon_24_0_chr10_79604969_r,DLG5,-,18,chr10:79605022-79605040,chr10:79605022-79605040,,,,,,,,,,,,
chr10,80039435,80039453,CGGCGGAGTTCCTCAAAT,Rev,3,2,1,0,0,0,.,chr10,80039351,80039970,ENST00000476909_exon_2_0_chr10_80039352_f,LINC00595,+,18,chr10:80039435-80039453,chr10:80039435-80039453,,,,,,,,,,,,
chr10,80039435,80039453,CGGCGGAGTTCCTCAAAT,Rev,3,2,1,0,0,0,.,chr10,80039351,80039970,ENST00000476909_exon_2_0_chr10_80039352_f,LINC00856,+,18,,,,,,,,,,,,,,
chr10,80039435,80039453,CGGCGGAGTTCCTCAAAT,Rev,3,2,1,0,0,0,.,chr10,80039351,80039970,ENST00000476909_exon_2_0_chr10_80039352_f,LINC00595,+,18,,,,,,,,,,,,,,
chr10,104183171,104183189,CGGCGGAGTTCCTCAAAT,Fwd,3,1,2,0,0,0,.,chr10,104183001,104183329,ENST00000369937_exon_0_0_chr10_104183002_r,CUEDC2,-,18,chr10:104183171-104183189,chr10:104183171-104183189,,,,,,,,,,,,
chr10,104183171,104183189,CGGCGGAGTTCCTCAAAT,Fwd,3,1,2,0,0,0,.,chr10,104183001,104183329,ENST00000465409_exon_0_0_chr10_104183002_r,CUEDC2,-,18,,,,,,,,,,,,,,
chr11,108380443,108380461,CGGCGGAGTTCCTCAAAT,Fwd,3,2,1,0,0,0,.,chr11,108376157,108385602,ENST00000265843_exon_0_0_chr11_108376158_r,EXPH5,-,18,chr11:108380443-108380461,chr11:108380443-108380461,,,,,,,,,,,,
chr11,108380443,108380461,CGGCGGAGTTCCTCAAAT,Fwd,3,2,1,0,0,0,.,chr11,108376158,108385602,ENST00000443411_exon_0_0_chr11_108376159_r,EXPH5,-,18,,,,,,,,,,,,,,
chr11,108380443,108380461,CGGCGGAGTTCCTCAAAT,Fwd,3,2,1,0,0,0,.,chr11,108376158,108385602,ENST00000428840_exon_0_0_chr11_108376159_r,EXPH5,-,18,,,,,,,,,,,,,,
chr11,108380443,108380461,CGGCGGAGTTCCTCAAAT,Fwd,3,2,1,0,0,0,.,chr11,108379675,108385602,ENST00000525344_exon_0_0_chr11_108379676_r,EXPH5,-,18,,,,,,,,,,,,,,
chr12,63195795,63195814,CGGCGGAGTTCCTCAAAT,Fwd,3,2,0,1,0,0,.,chr12,63195595,63195940,ENST00000228705_exon_7_0_chr12_63195596_r,PPM1H,-,19,chr12:63195795-63195814,chr12:63195795-63195814,,,,,,,,,,,,
chr12,63195795,63195814,CGGCGGAGTTCCTCAAAT,Fwd,3,2,0,1,0,0,.,chr12,63195710,63195940,ENST00000548414_exon_0_0_chr12_63195711_r,PPM1H,-,19,,,,,,,,,,,,,,
chr12,63195795,63195814,CGGCGGAGTTCCTCAAAT,Fwd,3,2,0,1,0,0,.,chr12,63195720,63195940,ENST00000547857_exon_0_0_chr12_63195721_r,PPM1H,-,19,,,,,,,,,,,,,,
chr12,111652070,111652089,CGGCGGAGTTCCTCAAAT,Rev,3,2,0,1,0,0,.,chr12,111652003,111652114,ENST00000261726_exon_1_0_chr12_111652004_f,CUX2,+,19,chr12:111652070-111652089,chr12:111652070-111652089,,,,,,,,,,,,
chr12,111652070,111652089,CGGCGGAGTTCCTCAAAT,Rev,3,2,0,1,0,0,.,chr12,111652003,111652114,ENST00000397643_exon_2_0_chr12_111652004_f,CUX2,+,19,,,,,,,,,,,,,,
chr14,74083811,74083829,CGGCGGAGTTCCTCAAAT,Rev,3,2,1,0,0,0,.,chr14,74083693,74083896,ENST00000554229_exon_2_0_chr14_74083694_f,ACOT6,+,18,chr14:74083811-74083829,chr14:74083811-74083829,,,,,,,,,,,,
chr14,74083811,74083829,CGGCGGAGTTCCTCAAAT,Rev,3,2,1,0,0,0,.,chr14,74083693,74083896,ENST00000554229_exon_2_0_chr14_74083694_f,RP3-414A15.10,+,18,,,,,,,,,,,,,,
chr14,74083811,74083829,CGGCGGAGTTCCTCAAAT,Rev,3,2,1,0,0,0,.,chr14,74083547,74083896,ENST00000381139_exon_0_0_chr14_74083548_f,ACOT6,+,18,,,,,,,,,,,,,,
chr14,74083811,74083829,CGGCGGAGTTCCTCAAAT,Rev,3,2,1,0,0,0,.,chr14,74083547,74083896,ENST00000381139_exon_0_0_chr14_74083548_f,RP3-414A15.10,+,18,,,,,,,,,,,,,,
chr16,2079644,2079662,CGGCGGAGTTCCTCAAAT,Rev,3,3,0,0,0,0,.,chr16,2079582,2079783,ENST00000567504_exon_1_0_chr16_2079583_f,SLC9A3R2,+,18,chr16:2079644-2079662,chr16:2079644-2079662,,,,,,,,,,,,
chr16,2079644,2079662,CGGCGGAGTTCCTCAAAT,Rev,3,3,0,0,0,0,.,chr16,2079582,2079783,ENST00000424542_exon_1_0_chr16_2079583_f,SLC9A3R2,+,18,,,,,,,,,,,,,,
chr16,2079644,2079662,CGGCGGAGTTCCTCAAAT,Rev,3,3,0,0,0,0,.,chr16,2079582,2079783,ENST00000432365_exon_1_0_chr16_2079583_f,SLC9A3R2,+,18,,,,,,,,,,,,,,
chr16,2079644,2079662,CGGCGGAGTTCCTCAAAT,Rev,3,3,0,0,0,0,.,chr16,2079527,2079783,ENST00000563587_exon_0_0_chr16_2079528_f,SLC9A3R2,+,18,,,,,,,,,,,,,,
chr16,2161526,2161544,CGGCGGAGTTCCTCAAAT,Fwd,3,2,1,0,0,0,.,chr16,2158252,2161872,ENST00000423118_exon_31_0_chr16_2158253_r,PKD1,-,18,chr16:2161526-2161544,chr16:2161526-2161544,,,,,,,,,,,,
chr16,2161526,2161544,CGGCGGAGTTCCTCAAAT,Fwd,3,2,1,0,0,0,.,chr16,2158252,2161872,ENST00000262304_exon_31_0_chr16_2158253_r,PKD1,-,18,,,,,,,,,,,,,,
chr16,2161526,2161544,CGGCGGAGTTCCTCAAAT,Fwd,3,2,1,0,0,0,.,chr16,2161458,2161872,ENST00000469241_exon_0_0_chr16_2161459_r,PKD1,-,18,,,,,,,,,,,,,,
chr16,15839032,15839051,CGGCGGAGTTCCTCAAAT,Fwd,3,2,0,1,0,0,.,chr16,15838985,15839094,ENST00000452625_exon_22_0_chr16_15838986_r,MYH11,-,19,chr16:15839032-15839051,chr16:15839032-15839051,,,,,,,,,,,,
chr16,15839032,15839051,CGGCGGAGTTCCTCAAAT,Fwd,3,2,0,1,0,0,.,chr16,15838985,15839094,ENST00000396324_exon_21_0_chr16_15838986_r,MYH11,-,19,,,,,,,,,,,,,,
chr16,15839032,15839051,CGGCGGAGTTCCTCAAAT,Fwd,3,2,0,1,0,0,.,chr16,15838985,15839094,ENST00000576790_exon_22_0_chr16_15838986_r,MYH11,-,19,,,,,,,,,,,,,,
chr16,15839032,15839051,CGGCGGAGTTCCTCAAAT,Fwd,3,2,0,1,0,0,.,chr16,15838985,15839094,ENST00000300036_exon_21_0_chr16_15838986_r,MYH11,-,19,,,,,,,,,,,,,,
chr16,70607243,70607261,CGGCGGAGTTCCTCAAAT,Rev,3,2,1,0,0,0,.,chr16,70605575,70608820,ENST00000302516_exon_25_0_chr16_70605576_f,SF3B3,+,18,chr16:70607243-70607261,chr16:70607243-70607261,UTR,,,,,,,,,,,
chr16,85943249,85943267,CGGCGGAGTTCCTCAAAT,Rev,3,0,3,0,0,0,.,chr16,85942595,85943488,ENST00000563180_exon_1_0_chr16_85942596_f,IRF8,+,18,chr16:85943249-85943267,chr16:85943249-85943267,,,,,,,,,,,,
chr17,1478166,1478185,CGGCGGAGTTCCTCAAAT,Fwd,3,2,0,1,0,0,.,chr17,1477672,1479059,ENST00000571650_exon_0_0_chr17_1477673_r,SLC43A2,-,19,chr17:1478166-1478185,chr17:1478166-1478185,,,,,,,,,,,,
chr17,1478166,1478185,CGGCGGAGTTCCTCAAAT,Fwd,3,2,0,1,0,0,.,chr17,1477697,1479059,ENST00000382147_exon_0_0_chr17_1477698_r,SLC43A2,-,19,,,,,,,,,,,,,,
chr17,1478166,1478185,CGGCGGAGTTCCTCAAAT,Fwd,3,2,0,1,0,0,.,chr17,1472560,1479059,ENST00000301335_exon_0_0_chr17_1472561_r,SLC43A2,-,19,,,,,,,,,,,,,,
chr17,27905358,27905376,CGGCGGAGTTCCTCAAAT,Fwd,3,1,2,0,0,0,.,chr17,27905316,27905389,ENST00000225394_exon_11_0_chr17_27905317_r,GIT1,-,18,chr17:27905358-27905376,chr17:27905358-27905376,,,,,,,,,,,,
chr17,27905358,27905376,CGGCGGAGTTCCTCAAAT,Fwd,3,1,2,0,0,0,.,chr17,27905316,27905389,ENST00000225394_exon_11_0_chr17_27905317_r,RP11-68I3.2,-,18,,,,,,,,,,,,,,
chr17,27905358,27905376,CGGCGGAGTTCCTCAAAT,Fwd,3,1,2,0,0,0,.,chr17,27905316,27905389,ENST00000394869_exon_11_0_chr17_27905317_r,GIT1,-,18,,,,,,,,,,,,,,
chr17,27905358,27905376,CGGCGGAGTTCCTCAAAT,Fwd,3,1,2,0,0,0,.,chr17,27905316,27905389,ENST00000394869_exon_11_0_chr17_27905317_r,RP11-68I3.2,-,18,,,,,,,,,,,,,,
chr17,27905358,27905376,CGGCGGAGTTCCTCAAAT,Fwd,3,1,2,0,0,0,.,chr17,27905316,27905389,ENST00000473217_exon_10_0_chr17_27905317_r,GIT1,-,18,,,,,,,,,,,,,,
chr17,27905358,27905376,CGGCGGAGTTCCTCAAAT,Fwd,3,1,2,0,0,0,.,chr17,27905316,27905389,ENST00000473217_exon_10_0_chr17_27905317_r,RP11-68I3.2,-,18,,,,,,,,,,,,,,
chr17,27905358,27905376,CGGCGGAGTTCCTCAAAT,Fwd,3,1,2,0,0,0,.,chr17,27905316,27905389,ENST00000581348_exon_11_0_chr17_27905317_r,GIT1,-,18,,,,,,,,,,,,,,
chr17,27905358,27905376,CGGCGGAGTTCCTCAAAT,Fwd,3,1,2,0,0,0,.,chr17,27905316,27905389,ENST00000581348_exon_11_0_chr17_27905317_r,RP11-68I3.2,-,18,,,,,,,,,,,,,,
chr17,27905358,27905376,CGGCGGAGTTCCTCAAAT,Fwd,3,1,2,0,0,0,.,chr17,27905316,27905389,ENST00000579937_exon_11_0_chr17_27905317_r,GIT1,-,18,,,,,,,,,,,,,,
chr17,27905358,27905376,CGGCGGAGTTCCTCAAAT,Fwd,3,1,2,0,0,0,.,chr17,27905316,27905389,ENST00000579937_exon_11_0_chr17_27905317_r,RP11-68I3.2,-,18,,,,,,,,,,,,,,
chr17,27905358,27905376,CGGCGGAGTTCCTCAAAT,Fwd,3,1,2,0,0,0,.,chr17,27905316,27905389,ENST00000585148_exon_5_0_chr17_27905317_r,GIT1,-,18,,,,,,,,,,,,,,
chr17,27905358,27905376,CGGCGGAGTTCCTCAAAT,Fwd,3,1,2,0,0,0,.,chr17,27905316,27905389,ENST00000585148_exon_5_0_chr17_27905317_r,RP11-68I3.2,-,18,,,,,,,,,,,,,,
chr17,27905358,27905376,CGGCGGAGTTCCTCAAAT,Fwd,3,1,2,0,0,0,.,chr17,27905316,27905389,ENST00000581925_exon_3_0_chr17_27905317_r,GIT1,-,18,,,,,,,,,,,,,,
chr17,27905358,27905376,CGGCGGAGTTCCTCAAAT,Fwd,3,1,2,0,0,0,.,chr17,27905316,27905389,ENST00000581925_exon_3_0_chr17_27905317_r,RP11-68I3.2,-,18,,,,,,,,,,,,,,
chr17,27905358,27905376,CGGCGGAGTTCCTCAAAT,Fwd,3,1,2,0,0,0,.,chr17,27905316,27905389,ENST00000586574_exon_3_0_chr17_27905317_r,GIT1,-,18,,,,,,,,,,,,,,
chr17,27905358,27905376,CGGCGGAGTTCCTCAAAT,Fwd,3,1,2,0,0,0,.,chr17,27905316,27905389,ENST00000586574_exon_3_0_chr17_27905317_r,RP11-68I3.2,-,18,,,,,,,,,,,,,,
chr19,40023086,40023105,CGGCGGAGTTCCTCAAAT,Fwd,3,2,0,1,0,0,.,chr19,40021629,40023494,ENST00000326282_exon_0_0_chr19_40021630_r,EID2B,-,19,chr19:40023086-40023105,chr19:40023086-40023105,,,,,,,,,,,,
chr19,40023086,40023105,CGGCGGAGTTCCTCAAAT,Fwd,3,2,0,1,0,0,.,chr19,40021629,40023494,ENST00000326282_exon_0_0_chr19_40021630_r,CTB-60E11.9,-,19,,,,,,,,,,,,,,
chr19,41248047,41248068,CGGCGGAGTTCCTCAAAT,Fwd,3,0,0,3,0,0,.,chr19,41246760,41248675,ENST00000470681_exon_0_0_chr19_41246761_r,C19orf54,-,21,chr19:41248047-41248068,chr19:41248047-41248068,,,,,,,,,,,,
chr19,41248047,41248068,CGGCGGAGTTCCTCAAAT,Fwd,3,0,0,3,0,0,.,chr19,41246760,41248675,ENST00000470681_exon_0_0_chr19_41246761_r,ITPKC,-,21,,,,,,,,,,,,,,
chr19,41248047,41248068,CGGCGGAGTTCCTCAAAT,Fwd,3,0,0,3,0,0,.,chr19,41246760,41248675,ENST00000470681_exon_0_0_chr19_41246761_r,C19orf54,-,21,,,,,,,,,,,,,,
chr19,41248047,41248068,CGGCGGAGTTCCTCAAAT,Fwd,3,0,0,3,0,0,.,chr19,41246760,41248675,ENST00000378313_exon_0_0_chr19_41246761_r,C19orf54,-,21,,,,,,,,,,,,,,
chr19,41248047,41248068,CGGCGGAGTTCCTCAAAT,Fwd,3,0,0,3,0,0,.,chr19,41246760,41248675,ENST00000378313_exon_0_0_chr19_41246761_r,ITPKC,-,21,,,,,,,,,,,,,,
chr19,41248047,41248068,CGGCGGAGTTCCTCAAAT,Fwd,3,0,0,3,0,0,.,chr19,41246760,41248675,ENST00000378313_exon_0_0_chr19_41246761_r,C19orf54,-,21,,,,,,,,,,,,,,
chr19,41248047,41248068,CGGCGGAGTTCCTCAAAT,Fwd,3,0,0,3,0,0,.,chr19,41247977,41248094,ENST00000597507_exon_1_0_chr19_41247978_r,C19orf54,-,21,,,,,,,,,,,,,,
chr19,41248047,41248068,CGGCGGAGTTCCTCAAAT,Fwd,3,0,0,3,0,0,.,chr19,41247977,41248094,ENST00000598352_exon_1_0_chr19_41247978_r,C19orf54,-,21,,,,,,,,,,,,,,
chr2,179401910,179401928,CGGCGGAGTTCCTCAAAT,Fwd,3,2,1,0,0,0,.,chr2,179401664,179401970,ENST00000359218_exon_7_0_chr2_179401665_r,TTN-AS1,-,18,chr2:179401910-179401928,chr2:179401910-179401928,,,,,,,,,,,,
chr2,179401910,179401928,CGGCGGAGTTCCTCAAAT,Fwd,3,2,1,0,0,0,.,chr2,179401664,179401970,ENST00000359218_exon_7_0_chr2_179401665_r,TTN,-,18,,,,,,,,,,,,,,
chr2,179401910,179401928,CGGCGGAGTTCCTCAAAT,Fwd,3,2,1,0,0,0,.,chr2,179401664,179401970,ENST00000359218_exon_7_0_chr2_179401665_r,TTN-AS1,-,18,,,,,,,,,,,,,,
chr2,179401910,179401928,CGGCGGAGTTCCTCAAAT,Fwd,3,2,1,0,0,0,.,chr2,179401664,179401970,ENST00000342175_exon_7_0_chr2_179401665_r,TTN-AS1,-,18,,,,,,,,,,,,,,
chr2,179401910,179401928,CGGCGGAGTTCCTCAAAT,Fwd,3,2,1,0,0,0,.,chr2,179401664,179401970,ENST00000342175_exon_7_0_chr2_179401665_r,TTN,-,18,,,,,,,,,,,,,,
chr2,179401910,179401928,CGGCGGAGTTCCTCAAAT,Fwd,3,2,1,0,0,0,.,chr2,179401664,179401970,ENST00000342175_exon_7_0_chr2_179401665_r,TTN-AS1,-,18,,,,,,,,,,,,,,
chr2,179401910,179401928,CGGCGGAGTTCCTCAAAT,Fwd,3,2,1,0,0,0,.,chr2,179401664,179401970,ENST00000591111_exon_7_0_chr2_179401665_r,TTN-AS1,-,18,,,,,,,,,,,,,,
chr2,179401910,179401928,CGGCGGAGTTCCTCAAAT,Fwd,3,2,1,0,0,0,.,chr2,179401664,179401970,ENST00000591111_exon_7_0_chr2_179401665_r,TTN,-,18,,,,,,,,,,,,,,
chr2,179401910,179401928,CGGCGGAGTTCCTCAAAT,Fwd,3,2,1,0,0,0,.,chr2,179401664,179401970,ENST00000591111_exon_7_0_chr2_179401665_r,TTN-AS1,-,18,,,,,,,,,,,,,,
chr2,179401910,179401928,CGGCGGAGTTCCTCAAAT,Fwd,3,2,1,0,0,0,.,chr2,179401664,179401970,ENST00000589042_exon_7_0_chr2_179401665_r,TTN-AS1,-,18,,,,,,,,,,,,,,
chr2,179401910,179401928,CGGCGGAGTTCCTCAAAT,Fwd,3,2,1,0,0,0,.,chr2,179401664,179401970,ENST00000589042_exon_7_0_chr2_179401665_r,TTN,-,18,,,,,,,,,,,,,,
chr2,179401910,179401928,CGGCGGAGTTCCTCAAAT,Fwd,3,2,1,0,0,0,.,chr2,179401664,179401970,ENST00000589042_exon_7_0_chr2_179401665_r,TTN-AS1,-,18,,,,,,,,,,,,,,
chr2,179401910,179401928,CGGCGGAGTTCCTCAAAT,Fwd,3,2,1,0,0,0,.,chr2,179401664,179401970,ENST00000460472_exon_7_0_chr2_179401665_r,TTN-AS1,-,18,,,,,,,,,,,,,,
chr2,179401910,179401928,CGGCGGAGTTCCTCAAAT,Fwd,3,2,1,0,0,0,.,chr2,179401664,179401970,ENST00000460472_exon_7_0_chr2_179401665_r,TTN,-,18,,,,,,,,,,,,,,
chr2,179401910,179401928,CGGCGGAGTTCCTCAAAT,Fwd,3,2,1,0,0,0,.,chr2,179401664,179401970,ENST00000460472_exon_7_0_chr2_179401665_r,TTN-AS1,-,18,,,,,,,,,,,,,,
chr2,179401910,179401928,CGGCGGAGTTCCTCAAAT,Fwd,3,2,1,0,0,0,.,chr2,179401664,179401970,ENST00000342992_exon_7_0_chr2_179401665_r,TTN-AS1,-,18,,,,,,,,,,,,,,
chr2,179401910,179401928,CGGCGGAGTTCCTCAAAT,Fwd,3,2,1,0,0,0,.,chr2,179401664,179401970,ENST00000342992_exon_7_0_chr2_179401665_r,TTN,-,18,,,,,,,,,,,,,,
chr2,179401910,179401928,CGGCGGAGTTCCTCAAAT,Fwd,3,2,1,0,0,0,.,chr2,179401664,179401970,ENST00000342992_exon_7_0_chr2_179401665_r,TTN-AS1,-,18,,,,,,,,,,,,,,
chr2,196642700,196642718,CGGCGGAGTTCCTCAAAT,Fwd,3,1,2,0,0,0,.,chr2,196642523,196642709,ENST00000312428_exon_6_0_chr2_196642524_r,DNAH7,-,9,chr2:196642700-196642718,chr2:196642700-196642718,,,,,,,,,,,,
chr2,196642700,196642718,CGGCGGAGTTCCTCAAAT,Fwd,3,1,2,0,0,0,.,chr2,196642523,196642709,ENST00000409063_exon_6_0_chr2_196642524_r,DNAH7,-,9,,,,,,,,,,,,,,
chr20,43595222,43595240,CGGCGGAGTTCCTCAAAT,Rev,3,2,1,0,0,0,.,chr20,43595114,43595244,ENST00000372806_exon_0_0_chr20_43595115_f,STK4,+,18,chr20:43595222-43595240,chr20:43595222-43595240,,,,,,,,,,,,
chr20,43595222,43595240,CGGCGGAGTTCCTCAAAT,Rev,3,2,1,0,0,0,.,chr20,43595141,43595244,ENST00000396731_exon_0_0_chr20_43595142_f,STK4,+,18,,,,,,,,,,,,,,
chr20,43595222,43595240,CGGCGGAGTTCCTCAAAT,Rev,3,2,1,0,0,0,.,chr20,43595162,43595244,ENST00000372801_exon_0_0_chr20_43595163_f,STK4,+,18,,,,,,,,,,,,,,
chr20,43595222,43595240,CGGCGGAGTTCCTCAAAT,Rev,3,2,1,0,0,0,.,chr20,43595166,43595244,ENST00000499879_exon_0_0_chr20_43595167_f,STK4,+,18,,,,,,,,,,,,,,
chr20,43595222,43595240,CGGCGGAGTTCCTCAAAT,Rev,3,2,1,0,0,0,.,chr20,43595155,43595244,ENST00000488618_exon_0_0_chr20_43595156_f,STK4,+,18,,,,,,,,,,,,,,
chr20,43595222,43595240,CGGCGGAGTTCCTCAAAT,Rev,3,2,1,0,0,0,.,chr20,43595179,43595244,ENST00000480745_exon_0_0_chr20_43595180_f,STK4,+,18,,,,,,,,,,,,,,
chr20,43595222,43595240,CGGCGGAGTTCCTCAAAT,Rev,3,2,1,0,0,0,.,chr20,43595193,43595244,ENST00000487587_exon_0_0_chr20_43595194_f,STK4,+,18,,,,,,,,,,,,,,
chr20,52775527,52775545,CGGCGGAGTTCCTCAAAT,Fwd,3,2,1,0,0,0,.,chr20,52775495,52775662,ENST00000216862_exon_4_0_chr20_52775496_r,CYP24A1,-,18,,,,,,,,,,,,,,
chr20,52775527,52775545,CGGCGGAGTTCCTCAAAT,Fwd,3,2,1,0,0,0,.,chr20,52775495,52775662,ENST00000395955_exon_3_0_chr20_52775496_r,CYP24A1,-,18,,,,,,,,,,,,,,
chr20,52775527,52775545,CGGCGGAGTTCCTCAAAT,Fwd,3,2,1,0,0,0,.,chr20,52775495,52775662,ENST00000395954_exon_4_0_chr20_52775496_r,CYP24A1,-,18,,,,,,,,,,,,,,
chr22,24810738,24810756,CGGCGGAGTTCCTCAAAT,Rev,3,3,0,0,0,0,.,chr22,24810501,24813707,ENST00000437398_exon_15_0_chr22_24810502_f,SPECC1L,+,18,chr22:24810738-24810756,chr22:24810738-24810756,,,,,,,,,,,,
chr22,24810738,24810756,CGGCGGAGTTCCTCAAAT,Rev,3,3,0,0,0,0,.,chr22,24810501,24813707,ENST00000437398_exon_15_0_chr22_24810502_f,SPECC1L-ADORA2A,+,18,,,,,,,,,,,,,,
chr22,24810738,24810756,CGGCGGAGTTCCTCAAAT,Rev,3,3,0,0,0,0,.,chr22,24810501,24813708,ENST00000314328_exon_16_0_chr22_24810502_f,SPECC1L,+,18,,,,,,,,,,,,,,
chr22,24810738,24810756,CGGCGGAGTTCCTCAAAT,Rev,3,3,0,0,0,0,.,chr22,24810501,24813708,ENST00000314328_exon_16_0_chr22_24810502_f,SPECC1L-ADORA2A,+,18,,,,,,,,,,,,,,
chr22,24810738,24810756,CGGCGGAGTTCCTCAAAT,Rev,3,3,0,0,0,0,.,chr22,24810501,24810741,ENST00000541492_exon_14_0_chr22_24810502_f,SPECC1L,+,3,,,,,,,,,,,,,,
chr22,24810738,24810756,CGGCGGAGTTCCTCAAAT,Rev,3,3,0,0,0,0,.,chr22,24810501,24810741,ENST00000541492_exon_14_0_chr22_24810502_f,SPECC1L-ADORA2A,+,3,,,,,,,,,,,,,,
chr3,5229377,5229395,CGGCGGAGTTCCTCAAAT,Fwd,3,2,1,0,0,0,.,chr3,5229226,5229982,ENST00000600805_exon_0_0_chr3_5229227_r,AC026202.1,-,18,chr3:5229377-5229395,chr3:5229377-5229395,,,,,,,,,,,,
chr3,5229377,5229395,CGGCGGAGTTCCTCAAAT,Fwd,3,2,1,0,0,0,.,chr3,5229226,5229982,ENST00000600805_exon_0_0_chr3_5229227_r,EDEM1,-,18,,,,,,,,,,,,,,
chr3,11304730,11304748,CGGCGGAGTTCCTCAAAT,Rev,3,2,1,0,0,0,.,chr3,11300688,11304939,ENST00000431010_exon_1_0_chr3_11300689_f,HRH1,+,18,chr3:11304730-11304748,chr3:11304730-11304748,,,,,,,,,,,,
chr3,11304730,11304748,CGGCGGAGTTCCTCAAAT,Rev,3,2,1,0,0,0,.,chr3,11300688,11305243,ENST00000397056_exon_2_0_chr3_11300689_f,HRH1,+,18,,,,,,,,,,,,,,
chr3,21447994,21448013,CGGCGGAGTTCCTCAAAT,Rev,3,2,0,1,0,0,.,chr3,21447217,21448175,ENST00000596446_exon_0_0_chr3_21447218_f,VENTXP7,+,19,chr3:21447994-21448013,chr3:21447994-21448013,,,,,,,,,,,,
chr3,21447994,21448013,CGGCGGAGTTCCTCAAAT,Rev,3,2,0,1,0,0,.,chr3,21447228,21448000,ENST00000475503_exon_0_0_chr3_21447229_f,VENTXP7,+,6,,,,,,,,,,,,,,
chr3,70048909,70048927,CGGCGGAGTTCCTCAAAT,Rev,3,3,0,0,0,0,.,chr3,70048894,70049018,ENST00000483525_exon_0_0_chr3_70048895_f,RP11-460N16.1,+,18,chr3:70048909-70048927,chr3:70048909-70048927,,,,,,,,,,,,
chr3,133647696,133647715,CGGCGGAGTTCCTCAAAT,Fwd,3,0,2,1,0,0,.,chr3,133646991,133648656,ENST00000408895_exon_0_0_chr3_133646992_r,C3orf36,-,19,chr3:133647696-133647715,chr3:133647696-133647715,,,,,,,,,,,,
chr3,193766802,193766821,CGGCGGAGTTCCTCAAAT,Fwd,3,1,1,1,0,0,.,chr3,193766701,193767131,ENST00000599441_exon_1_0_chr3_193766702_r,RP11-407B7.1,-,19,chr3:193766802-193766821,chr3:193766802-193766821,,,,,,,,,,,,
chr3,193766802,193766821,CGGCGGAGTTCCTCAAAT,Fwd,3,1,1,1,0,0,.,chr3,193766701,193767131,ENST00000598535_exon_1_0_chr3_193766702_r,RP11-407B7.1,-,19,,,,,,,,,,,,,,
chr3,193766802,193766821,CGGCGGAGTTCCTCAAAT,Fwd,3,1,1,1,0,0,.,chr3,193766701,193766916,ENST00000593326_exon_2_0_chr3_193766702_r,RP11-407B7.1,-,19,,,,,,,,,,,,,,
chr3,193766802,193766821,CGGCGGAGTTCCTCAAAT,Fwd,3,1,1,1,0,0,.,chr3,193766701,193767129,ENST00000597775_exon_2_0_chr3_193766702_r,RP11-407B7.1,-,19,,,,,,,,,,,,,,
chr3,193766802,193766821,CGGCGGAGTTCCTCAAAT,Fwd,3,1,1,1,0,0,.,chr3,193766701,193767131,ENST00000593559_exon_2_0_chr3_193766702_r,RP11-407B7.1,-,19,,,,,,,,,,,,,,
chr3,193766802,193766821,CGGCGGAGTTCCTCAAAT,Fwd,3,1,1,1,0,0,.,chr3,193766701,193767131,ENST00000601913_exon_1_0_chr3_193766702_r,RP11-407B7.1,-,19,,,,,,,,,,,,,,
chr3,193766802,193766821,CGGCGGAGTTCCTCAAAT,Fwd,3,1,1,1,0,0,.,chr3,193766701,193767122,ENST00000599153_exon_1_0_chr3_193766702_r,RP11-407B7.1,-,19,,,,,,,,,,,,,,
chr3,193766802,193766821,CGGCGGAGTTCCTCAAAT,Fwd,3,1,1,1,0,0,.,chr3,193766707,193767160,ENST00000609015_exon_0_0_chr3_193766708_r,RP11-407B7.1,-,19,,,,,,,,,,,,,,
chr3,193766802,193766821,CGGCGGAGTTCCTCAAAT,Fwd,3,1,1,1,0,0,.,chr3,193766708,193767160,ENST00000432154_exon_0_0_chr3_193766709_r,RP11-407B7.1,-,19,,,,,,,,,,,,,,
chr4,6677253,6677271,CGGCGGAGTTCCTCAAAT,Rev,3,3,0,0,0,0,.,chr4,6676719,6677774,ENST00000444232_exon_1_0_chr4_6676720_f,AC093323.3,+,18,chr4:6677253-6677271,chr4:6677253-6677271,,,,,,,,,,,,
chr4,6677253,6677271,CGGCGGAGTTCCTCAAAT,Rev,3,3,0,0,0,0,.,chr4,6676719,6677774,ENST00000307533_exon_1_0_chr4_6676720_f,AC093323.3,+,18,,,,,,,,,,,,,,
chr4,42153809,42153827,CGGCGGAGTTCCTCAAAT,Fwd,3,2,1,0,0,0,.,chr4,42153673,42154393,ENST00000502486_exon_4_0_chr4_42153674_r,BEND4,-,18,chr4:42153809-42153827,chr4:42153809-42153827,,,,,,,,,,,,
chr4,42153809,42153827,CGGCGGAGTTCCTCAAAT,Fwd,3,2,1,0,0,0,.,chr4,42153673,42154393,ENST00000504360_exon_4_0_chr4_42153674_r,BEND4,-,18,,,,,,,,,,,,,,
chr4,120981342,120981361,CGGCGGAGTTCCTCAAAT,Fwd,3,2,0,1,0,0,.,chr4,120980591,120981445,ENST00000333047_exon_0_0_chr4_120980592_r,MAD2L1,-,19,chr4:120981342-120981361,chr4:120981342-120981361,,,,,,,,,,,,
chr4,120981342,120981361,CGGCGGAGTTCCTCAAAT,Fwd,3,2,0,1,0,0,.,chr4,120980982,120981445,ENST00000504707_exon_0_0_chr4_120980983_r,MAD2L1,-,19,,,,,,,,,,,,,,
chr4,120981342,120981361,CGGCGGAGTTCCTCAAAT,Fwd,3,2,0,1,0,0,.,chr4,120980982,120981445,ENST00000512484_exon_0_0_chr4_120980983_r,MAD2L1,-,19,,,,,,,,,,,,,,
chr4,120981342,120981361,CGGCGGAGTTCCTCAAAT,Fwd,3,2,0,1,0,0,.,chr4,120976762,120981445,ENST00000296509_exon_0_0_chr4_120976763_r,MAD2L1,-,19,,,,,,,,,,,,,,
chr4,121760407,121760425,CGGCGGAGTTCCTCAAAT,Fwd,3,0,3,0,0,0,.,chr4,121758499,121760429,ENST00000394435_exon_0_0_chr4_121758500_r,PRDM5,-,18,chr4:121760407-121760425,chr4:121760407-121760425,,,,,,,,,,,,
chr5,14287165,14287185,CGGCGGAGTTCCTCAAAT,Rev,3,1,0,2,0,0,.,chr5,14286979,14287172,ENST00000344204_exon_3_0_chr5_14286980_f,TRIO,+,7,chr5:14287165-14287185,chr5:14287165-14287185,,,,,,,,,,,,
chr5,14287165,14287185,CGGCGGAGTTCCTCAAAT,Rev,3,1,0,2,0,0,.,chr5,14286979,14287172,ENST00000502816_exon_3_0_chr5_14286980_f,TRIO,+,7,,,,,,,,,,,,,,
chr5,14287165,14287185,CGGCGGAGTTCCTCAAAT,Rev,3,1,0,2,0,0,.,chr5,14286979,14287213,ENST00000505971_exon_3_0_chr5_14286980_f,TRIO,+,20,,,,,,,,,,,,,,
chr5,14287165,14287185,CGGCGGAGTTCCTCAAAT,Rev,3,1,0,2,0,0,.,chr5,14286979,14287172,ENST00000537187_exon_3_0_chr5_14286980_f,TRIO,+,7,,,,,,,,,,,,,,
chr5,14287165,14287185,CGGCGGAGTTCCTCAAAT,Rev,3,1,0,2,0,0,.,chr5,14286979,14287172,ENST00000512070_exon_3_0_chr5_14286980_f,TRIO,+,7,,,,,,,,,,,,,,
chr5,14287165,14287185,CGGCGGAGTTCCTCAAAT,Rev,3,1,0,2,0,0,.,chr5,14286979,14287172,ENST00000509967_exon_3_0_chr5_14286980_f,TRIO,+,7,,,,,,,,,,,,,,
chr5,140080444,140080462,CGGCGGAGTTCCTCAAAT,Rev,3,2,1,0,0,0,.,chr5,140080403,140080497,ENST00000519913_exon_1_0_chr5_140080404_f,ZMAT2,+,18,chr5:140080444-140080462,chr5:140080444-140080462,,,,,,,,,,,,
chr5,140080444,140080462,CGGCGGAGTTCCTCAAAT,Rev,3,2,1,0,0,0,.,chr5,140080403,140080497,ENST00000274712_exon_1_0_chr5_140080404_f,ZMAT2,+,18,,,,,,,,,,,,,,
chr5,140080444,140080462,CGGCGGAGTTCCTCAAAT,Rev,3,2,1,0,0,0,.,chr5,140080403,140080497,ENST00000506644_exon_1_0_chr5_140080404_f,ZMAT2,+,18,,,,,,,,,,,,,,
chr5,180036933,180036951,CGGCGGAGTTCCTCAAAT,Fwd,3,2,1,0,0,0,.,chr5,180036904,180037025,ENST00000261937_exon_2_0_chr5_180036905_r,FLT4,-,18,chr5:180036933-180036951,chr5:180036933-180036951,,,,,,,,,,,,
chr5,180036933,180036951,CGGCGGAGTTCCTCAAAT,Fwd,3,2,1,0,0,0,.,chr5,180036904,180037025,ENST00000502603_exon_2_0_chr5_180036905_r,FLT4,-,18,,,,,,,,,,,,,,
chr5,180036933,180036951,CGGCGGAGTTCCTCAAAT,Fwd,3,2,1,0,0,0,.,chr5,180036904,180037025,ENST00000393347_exon_2_0_chr5_180036905_r,FLT4,-,18,,,,,,,,,,,,,,
chr5,180036933,180036951,CGGCGGAGTTCCTCAAAT,Fwd,3,2,1,0,0,0,.,chr5,180035967,180037025,ENST00000507059_exon_1_0_chr5_180035968_r,FLT4,-,18,,,,,,,,,,,,,,
chr5,180036933,180036951,CGGCGGAGTTCCTCAAAT,Fwd,3,2,1,0,0,0,.,chr5,180036904,180037025,ENST00000502649_exon_2_0_chr5_180036905_r,FLT4,-,18,,,,,,,,,,,,,,
chr6,6320872,6320890,CGGCGGAGTTCCTCAAAT,Fwd,3,1,2,0,0,0,.,chr6,6320819,6321067,ENST00000264870_exon_14_0_chr6_6320820_r,F13A1,-,18,chr6:6320872-6320890,chr6:6320872-6320890,,,,,,,,,,,,
chr6,6320872,6320890,CGGCGGAGTTCCTCAAAT,Fwd,3,1,2,0,0,0,.,chr6,6320819,6320892,ENST00000414279_exon_3_0_chr6_6320820_r,F13A1,-,18,,,,,,,,,,,,,,
chr6,6320872,6320890,CGGCGGAGTTCCTCAAAT,Fwd,3,1,2,0,0,0,.,chr6,6320819,6320892,ENST00000431222_exon_3_0_chr6_6320820_r,F13A1,-,18,,,,,,,,,,,,,,
chr6,6320872,6320890,CGGCGGAGTTCCTCAAAT,Fwd,3,1,2,0,0,0,.,chr6,6320819,6320875,ENST00000451619_exon_2_0_chr6_6320820_r,F13A1,-,3,,,,,,,,,,,,,,
chr6,11515950,11515968,CGGCGGAGTTCCTCAAAT,Rev,3,2,1,0,0,0,.,chr6,11514424,11516699,ENST00000405864_exon_0_0_chr6_11514425_f,PRKRIRP5,+,18,chr6:11515950-11515968,chr6:11515950-11515968,,,,,,,,,,,,
chr6,11515950,11515968,CGGCGGAGTTCCTCAAAT,Rev,3,2,1,0,0,0,.,chr6,11514424,11516699,ENST00000405864_exon_0_0_chr6_11514425_f,RP11-716O23.2,+,18,,,,,,,,,,,,,,
chr6,12290761,12290779,CGGCGGAGTTCCTCAAAT,Rev,3,2,1,0,0,0,.,chr6,12290595,12290926,ENST00000379375_exon_0_0_chr6_12290596_f,EDN1,+,18,chr6:12290761-12290779,chr6:12290761-12290779,,,,,,,,,,,,
chr6,13275332,13275351,CGGCGGAGTTCCTCAAAT,Rev,3,0,2,1,0,0,.,chr6,13273091,13276355,ENST00000379350_exon_9_0_chr6_13273092_f,PHACTR1,+,19,chr6:13275332-13275351,chr6:13275332-13275351,,,,,,,,,,,,
chr6,13275332,13275351,CGGCGGAGTTCCTCAAAT,Rev,3,0,2,1,0,0,.,chr6,13273091,13276355,ENST00000379350_exon_9_0_chr6_13273092_f,RP1-257A7.4,+,19,,,,,,,,,,,,,,
chr6,13275332,13275351,CGGCGGAGTTCCTCAAAT,Rev,3,0,2,1,0,0,.,chr6,13273091,13276355,ENST00000379350_exon_9_0_chr6_13273092_f,TBC1D7,+,19,,,,,,,,,,,,,,
chr6,13275332,13275351,CGGCGGAGTTCCTCAAAT,Rev,3,0,2,1,0,0,.,chr6,13273091,13276355,ENST00000379350_exon_9_0_chr6_13273092_f,PHACTR1,+,19,,,,,,,,,,,,,,
chr6,13275332,13275351,CGGCGGAGTTCCTCAAAT,Rev,3,0,2,1,0,0,.,chr6,13273091,13276355,ENST00000379350_exon_9_0_chr6_13273092_f,TBC1D7,+,19,,,,,,,,,,,,,,
chr6,13275332,13275351,CGGCGGAGTTCCTCAAAT,Rev,3,0,2,1,0,0,.,chr6,13273091,13276355,ENST00000379350_exon_9_0_chr6_13273092_f,PHACTR1,+,19,,,,,,,,,,,,,,
chr6,170101853,170101871,CGGCGGAGTTCCTCAAAT,Fwd,3,2,1,0,1,0,.,chr6,170101646,170102159,ENST00000423258_exon_21_0_chr6_170101647_r,WDR27,-,18,chr6:170101853-170101871,chr6:170101853-170101871,,,,,,,,,,,,
chr6,170101853,170101871,CGGCGGAGTTCCTCAAAT,Fwd,3,2,1,0,1,0,.,chr6,170101646,170102159,ENST00000333572_exon_24_0_chr6_170101647_r,WDR27,-,18,,,,,,,,,,,,,,
chr6,170101853,170101871,CGGCGGAGTTCCTCAAAT,Fwd,3,2,1,0,1,0,.,chr6,170101646,170102125,ENST00000420344_exon_8_0_chr6_170101647_r,WDR27,-,18,,,,,,,,,,,,,,
chr6,170101853,170101871,CGGCGGAGTTCCTCAAAT,Fwd,3,2,1,0,1,0,.,chr6,170101646,170102144,ENST00000474018_exon_3_0_chr6_170101647_r,WDR27,-,18,,,,,,,,,,,,,,
chr7,102574913,102574931,CGGCGGAGTTCCTCAAAT,Rev,3,2,1,0,0,0,.,chr7,102574220,102575132,ENST00000339431_exon_1_0_chr7_102574221_f,LRRC17,+,18,chr7:102574913-102574931,chr7:102574913-102574931,,,,,,,,,,,,
chr7,102574913,102574931,CGGCGGAGTTCCTCAAAT,Rev,3,2,1,0,0,0,.,chr7,102574220,102575132,ENST00000339431_exon_1_0_chr7_102574221_f,FBXL13,+,18,,,,,,,,,,,,,,
chr7,102574913,102574931,CGGCGGAGTTCCTCAAAT,Rev,3,2,1,0,0,0,.,chr7,102574220,102575132,ENST00000339431_exon_1_0_chr7_102574221_f,LRRC17,+,18,,,,,,,,,,,,,,
chr7,102574913,102574931,CGGCGGAGTTCCTCAAAT,Rev,3,2,1,0,0,0,.,chr7,102574220,102575132,ENST00000339431_exon_1_0_chr7_102574221_f,FBXL13,+,18,,,,,,,,,,,,,,
chr7,102574913,102574931,CGGCGGAGTTCCTCAAAT,Rev,3,2,1,0,0,0,.,chr7,102574220,102575132,ENST00000249377_exon_1_0_chr7_102574221_f,LRRC17,+,18,,,,,,,,,,,,,,
chr7,102574913,102574931,CGGCGGAGTTCCTCAAAT,Rev,3,2,1,0,0,0,.,chr7,102574220,102575132,ENST00000249377_exon_1_0_chr7_102574221_f,FBXL13,+,18,,,,,,,,,,,,,,
chr7,102574913,102574931,CGGCGGAGTTCCTCAAAT,Rev,3,2,1,0,0,0,.,chr7,102574220,102575132,ENST00000249377_exon_1_0_chr7_102574221_f,LRRC17,+,18,,,,,,,,,,,,,,
chr7,102574913,102574931,CGGCGGAGTTCCTCAAAT,Rev,3,2,1,0,0,0,.,chr7,102574220,102575132,ENST00000249377_exon_1_0_chr7_102574221_f,FBXL13,+,18,,,,,,,,,,,,,,
chr7,135359076,135359094,CGGCGGAGTTCCTCAAAT,Rev,3,1,2,0,0,0,.,chr7,135358838,135359972,ENST00000507606_exon_2_0_chr7_135358839_f,C7orf73,+,18,chr7:135359076-135359094,chr7:135359076-135359094,,,,,,,,,,,,
chr7,149431583,149431602,CGGCGGAGTTCCTCAAAT,Rev,3,1,1,1,0,0,.,chr7,149430294,149431660,ENST00000466546_exon_16_0_chr7_149430295_f,KRBA1,+,19,chr7:149431583-149431602,chr7:149431583-149431602,,,,,,,,,,,,
chr7,149431583,149431602,CGGCGGAGTTCCTCAAAT,Rev,3,1,1,1,0,0,.,chr7,149430294,149431664,ENST00000319551_exon_15_0_chr7_149430295_f,KRBA1,+,19,,,,,,,,,,,,,,
chr7,149431583,149431602,CGGCGGAGTTCCTCAAAT,Rev,3,1,1,1,0,0,.,chr7,149430294,149431664,ENST00000255992_exon_17_0_chr7_149430295_f,KRBA1,+,19,,,,,,,,,,,,,,
chr7,149431583,149431602,CGGCGGAGTTCCTCAAAT,Rev,3,1,1,1,0,0,.,chr7,149430294,149431664,ENST00000479560_exon_16_0_chr7_149430295_f,KRBA1,+,19,,,,,,,,,,,,,,
chr7,149431583,149431602,CGGCGGAGTTCCTCAAAT,Rev,3,1,1,1,0,0,.,chr7,149430294,149431660,ENST00000485033_exon_14_0_chr7_149430295_f,KRBA1,+,19,,,,,,,,,,,,,,
chr7,149431583,149431602,CGGCGGAGTTCCTCAAAT,Rev,3,1,1,1,0,0,.,chr7,149430294,149431660,ENST00000496259_exon_13_0_chr7_149430295_f,KRBA1,+,19,,,,,,,,,,,,,,
chr8,12883069,12883087,CGGCGGAGTTCCTCAAAT,Rev,3,3,0,0,0,0,.,chr8,12878516,12887286,ENST00000524591_exon_4_0_chr8_12878517_f,KIAA1456,+,18,chr8:12883069-12883087,chr8:12883069-12883087,,,,,,,,,,,,
chr8,12883069,12883087,CGGCGGAGTTCCTCAAAT,Rev,3,3,0,0,0,0,.,chr8,12878516,12883674,ENST00000529978_exon_1_0_chr8_12878517_f,KIAA1456,+,18,,,,,,,,,,,,,,
chr8,42128839,42128858,CGGCGGAGTTCCTCAAAT,Rev,3,2,0,1,0,0,.,chr8,42128819,42128987,ENST00000520810_exon_0_0_chr8_42128820_f,IKBKB,+,19,chr8:42128839-42128858,chr8:42128839-42128858,,,,,,,,,,,,
chr8,42128839,42128858,CGGCGGAGTTCCTCAAAT,Rev,3,2,0,1,0,0,.,chr8,42128827,42128987,ENST00000520320_exon_0_0_chr8_42128828_f,IKBKB,+,19,,,,,,,,,,,,,,
chr8,42128839,42128858,CGGCGGAGTTCCTCAAAT,Rev,3,2,0,1,0,0,.,chr8,42128833,42128987,ENST00000416505_exon_0_0_chr8_42128834_f,IKBKB,+,19,,,,,,,,,,,,,,
chr8,42128839,42128858,CGGCGGAGTTCCTCAAAT,Rev,3,2,0,1,0,0,.,chr8,42128833,42128987,ENST00000517890_exon_0_0_chr8_42128834_f,IKBKB,+,19,,,,,,,,,,,,,,
chr8,42128839,42128858,CGGCGGAGTTCCTCAAAT,Rev,3,2,0,1,0,0,.,chr8,42128835,42128987,ENST00000520835_exon_0_0_chr8_42128836_f,IKBKB,+,19,,,,,,,,,,,,,,
chr8,42128839,42128858,CGGCGGAGTTCCTCAAAT,Rev,3,2,0,1,0,0,.,chr8,42128835,42128987,ENST00000523105_exon_0_0_chr8_42128836_f,IKBKB,+,19,,,,,,,,,,,,,,
chr8,42128839,42128858,CGGCGGAGTTCCTCAAAT,Rev,3,2,0,1,0,0,.,chr8,42128835,42128987,ENST00000519735_exon_0_0_chr8_42128836_f,IKBKB,+,19,,,,,,,,,,,,,,
chr8,42128839,42128858,CGGCGGAGTTCCTCAAAT,Rev,3,2,0,1,0,0,.,chr8,42128835,42128987,ENST00000519733_exon_0_0_chr8_42128836_f,IKBKB,+,19,,,,,,,,,,,,,,
chr8,42128839,42128858,CGGCGGAGTTCCTCAAAT,Rev,3,2,0,1,0,0,.,chr8,42128836,42128987,ENST00000379708_exon_0_0_chr8_42128837_f,IKBKB,+,19,,,,,,,,,,,,,,
chr8,42128839,42128858,CGGCGGAGTTCCTCAAAT,Rev,3,2,0,1,0,0,.,chr8,42128836,42128987,ENST00000518679_exon_0_0_chr8_42128837_f,IKBKB,+,19,,,,,,,,,,,,,,
chr8,42128839,42128858,CGGCGGAGTTCCTCAAAT,Rev,3,2,0,1,0,0,.,chr8,42128836,42128987,ENST00000517917_exon_0_0_chr8_42128837_f,IKBKB,+,19,,,,,,,,,,,,,,
chr8,42128839,42128858,CGGCGGAGTTCCTCAAAT,Rev,3,2,0,1,0,0,.,chr8,42128851,42128987,ENST00000342222_exon_0_0_chr8_42128852_f,IKBKB,+,7,,,,,,,,,,,,,,
chr8,97345854,97345872,CGGCGGAGTTCCTCAAAT,Rev,3,0,3,0,0,0,.,chr8,97345684,97349223,ENST00000517309_exon_12_0_chr8_97345685_f,PTDSS1,+,18,chr8:97345854-97345872,chr8:97345854-97345872,,,,,,,,,,,,
chr8,97345854,97345872,CGGCGGAGTTCCTCAAAT,Rev,3,0,3,0,0,0,.,chr8,97345684,97346774,ENST00000455950_exon_10_0_chr8_97345685_f,PTDSS1,+,18,,,,,,,,,,,,,,
chr8,97345854,97345872,CGGCGGAGTTCCTCAAAT,Rev,3,0,3,0,0,0,.,chr8,97345684,97346780,ENST00000337004_exon_10_0_chr8_97345685_f,PTDSS1,+,18,,,,,,,,,,,,,,
chr8,97345854,97345872,CGGCGGAGTTCCTCAAAT,Rev,3,0,3,0,0,0,.,chr8,97345684,97346120,ENST00000517982_exon_1_0_chr8_97345685_f,PTDSS1,+,18,,,,,,,,,,,,,,
chr8,124658100,124658118,CGGCGGAGTTCCTCAAAT,Fwd,3,1,2,0,0,0,.,chr8,124657766,124658268,ENST00000325995_exon_0_0_chr8_124657767_r,KLHL38,-,18,chr8:124658100-124658118,chr8:124658100-124658118,,,,,,,,,,,,
chr8,124658100,124658118,CGGCGGAGTTCCTCAAAT,Fwd,3,1,2,0,0,0,.,chr8,124657766,124658268,ENST00000325995_exon_0_0_chr8_124657767_r,CTD-2552K11.2,-,18,,,,,,,,,,,,,,
chr9,119461228,119461247,CGGCGGAGTTCCTCAAAT,Rev,3,2,0,1,0,0,.,chr9,119459940,119463577,ENST00000450136_exon_1_0_chr9_119459941_f,TRIM32,+,19,chr9:119461228-119461247,chr9:119461228-119461247,,,,,,,,,,,,
chr9,119461228,119461247,CGGCGGAGTTCCTCAAAT,Rev,3,2,0,1,0,0,.,chr9,119459940,119463577,ENST00000450136_exon_1_0_chr9_119459941_f,ASTN2,+,19,,,,,,,,,,,,,,
chr9,119461228,119461247,CGGCGGAGTTCCTCAAAT,Rev,3,2,0,1,0,0,.,chr9,119459943,119463579,ENST00000373983_exon_1_0_chr9_119459944_f,TRIM32,+,19,,,,,,,,,,,,,,
chr9,119461228,119461247,CGGCGGAGTTCCTCAAAT,Rev,3,2,0,1,0,0,.,chr9,119459943,119463579,ENST00000373983_exon_1_0_chr9_119459944_f,ASTN2,+,19,,,,,,,,,,,,,,